<?xml version="1.0" encoding="ISO-8859-1" standalone="no"?>
<jetl>
    <conexao>
        <nome>##LOCALHOST_JETL##</nome>
        <string-conexao>jdbc:hsqldb:hsql://localhost:8091/bd_jetl</string-conexao>
        <driver-class>org.hsqldb.jdbc.JDBCDriver</driver-class>
        <usuario>JIANGADM</usuario>
        <senha>7H3DWMSPspJq3WzYiwUbbg==</senha>
        <porta>4444</porta>
        <server>S</server>
        <server-db-local>S</server-db-local>
        <server-web-local>S</server-web-local>
        <server-web-port-local>8080</server-web-port-local>
    </conexao>
    <preferencias>
        <versao>4.3.0</versao>
        <diretorio-update></diretorio-update>
        <check-update-on-start>S</check-update-on-start>
        <proxy-server/>
        <proxy-port/>
        <update-jetl-lib-name>JETL.zip</update-jetl-lib-name>
        <update-jetl-lib-size>11147965</update-jetl-lib-size>
        <auto-update-menu>N</auto-update-menu>
        <cache-jobworkflow>N</cache-jobworkflow>
    </preferencias>
    <conexao>
        <porta>4444</porta>
        <servidor>localhost</servidor>
        <tipo-autenticacao>B�sico</tipo-autenticacao>
        <usuario>ADMIN</usuario>
        <nome>LOCALHOST</nome>
        <senha>K1fCzPAmz03eBNmZeUmMiQ==</senha>
    </conexao>
</jetl>
